centroids,group,center_rank,date
0.24074074074073826,3,1.0,9242020
2.555555555555556,0,2.0,9242020
4.413793103448276,4,3.0,9242020
6.352941176470589,2,4.0,9242020
10.833333333333334,5,5.0,9242020
20.8,1,6.0,9242020
